{
    "num_runs": 3,
    "component_precision": [
        0.7193427221217451,
        0.01235081238031894
    ],
    "component_recall": [
        0.7180094786729857,
        0.011944493125027626
    ],
    "component_f1": [
        0.7186750798475113,
        0.012136739826696927
    ],
    "relation_precision": [
        0.690488394975318,
        0.00803983500859383
    ],
    "relation_recall": [
        0.6975690152451586,
        0.009592457129643862
    ],
    "relation_f1": [
        0.6939853417165529,
        0.007755446709815531
    ],
    "component_macro_f1": [
        0.73263191691376,
        0.00907869273832248
    ]
}