{
    "component_precision": 0.7019762845849803,
    "component_recall": 0.7014218009478673,
    "component_f1": 0.7016989332279732,
    "relation_precision": 0.691566265060241,
    "relation_recall": 0.7095179233621756,
    "relation_f1": 0.7004270896888347,
    "component_macro_f1": 0.7208710214807776
}