{
    "component_precision": 0.669826224328594,
    "component_recall": 0.669826224328594,
    "component_f1": 0.669826224328594,
    "relation_precision": 0,
    "relation_recall": 0,
    "relation_f1": 0,
    "component_macro_f1": 0.7027483507158309
}