{
    "num_runs": 3,
    "component_precision": [
        0.8086254962002825,
        0.004295970973674409
    ],
    "component_recall": [
        0.8091812264474134,
        0.004621698377263443
    ],
    "component_f1": [
        0.808903218609352,
        0.004457396002729405
    ],
    "relation_precision": [
        0.0,
        0.0
    ],
    "relation_recall": [
        0.0,
        0.0
    ],
    "relation_f1": [
        0.0,
        0.0
    ],
    "component_macro_f1": [
        0.7971239366232655,
        0.0028521130917801454
    ]
}