{
    "component_precision": 0.801440329218107,
    "component_recall": 0.8006166495375129,
    "component_f1": 0.8010282776349615,
    "relation_precision": 0.44623655913978494,
    "relation_recall": 0.30514705882352944,
    "relation_f1": 0.36244541484716153,
    "component_macro_f1": 0.7953773117255641
}