{
    "num_runs": 3,
    "component_precision": [
        0.7598756992396677,
        0.015807402520694663
    ],
    "component_recall": [
        0.7567660157588215,
        0.006298313227423839
    ],
    "component_f1": [
        0.7582647194084023,
        0.0102536677136505
    ],
    "relation_precision": [
        0.30400757137803636,
        0.060578215980082395
    ],
    "relation_recall": [
        0.26715686274509803,
        0.017589093252950154
    ],
    "relation_f1": [
        0.28299729819683433,
        0.03561552026318938
    ],
    "component_macro_f1": [
        0.7511531305864586,
        0.011314195318970903
    ]
}