{
    "num_runs": 3,
    "component_precision": [
        0.788677194186978,
        0.00903088466651622
    ],
    "component_recall": [
        0.7875984926344638,
        0.009205227024696444
    ],
    "component_f1": [
        0.7881374281069605,
        0.009116684429316901
    ],
    "relation_precision": [
        0.3966504908303392,
        0.04786559075188458
    ],
    "relation_recall": [
        0.3198529411764706,
        0.028948558360337533
    ],
    "relation_f1": [
        0.35288332618132845,
        0.03032978519939385
    ],
    "component_macro_f1": [
        0.7789184106591067,
        0.01390801761177136
    ]
}