{
    "num_runs": 3,
    "component_precision": [
        0.8846761453396524,
        0.00359088512295576
    ],
    "component_recall": [
        0.8846761453396524,
        0.00359088512295576
    ],
    "component_f1": [
        0.8846761453396524,
        0.00359088512295576
    ],
    "relation_precision": [
        0.0,
        0.0
    ],
    "relation_recall": [
        0.0,
        0.0
    ],
    "relation_f1": [
        0.0,
        0.0
    ],
    "component_macro_f1": [
        0.8675834353341126,
        0.0032543865327609675
    ]
}