{
    "component_precision": 0,
    "component_recall": 0,
    "component_f1": 0,
    "relation_precision": 0.43386243386243384,
    "relation_recall": 0.3014705882352941,
    "relation_f1": 0.3557483731019523,
    "component_macro_f1": 0.0
}