{
    "component_precision": 0.6714060031595577,
    "component_recall": 0.6714060031595577,
    "component_f1": 0.6714060031595577,
    "relation_precision": 0,
    "relation_recall": 0,
    "relation_f1": 0,
    "component_macro_f1": 0.6889647540054045
}