{
    "num_runs": 3,
    "component_precision": [
        0.8906778479207903,
        0.01031305576432995
    ],
    "component_recall": [
        0.8902053712480252,
        0.010012192386430533
    ],
    "component_f1": [
        0.8904415162464637,
        0.010162304969352574
    ],
    "relation_precision": [
        0.6703462894242559,
        0.020511059474500336
    ],
    "relation_recall": [
        0.6905644829007004,
        0.02401828041498093
    ],
    "relation_f1": [
        0.6802861946753688,
        0.021950851616106996
    ],
    "component_macro_f1": [
        0.8720015681397797,
        0.00794554209570586
    ]
}