{
    "component_precision": 0.6774703557312253,
    "component_recall": 0.6769352290679305,
    "component_f1": 0.6772026866851047,
    "relation_precision": 0,
    "relation_recall": 0,
    "relation_f1": 0,
    "component_macro_f1": 0.7019675070488082
}