{
    "num_runs": 3,
    "component_precision": [
        0.0,
        0.0
    ],
    "component_recall": [
        0.0,
        0.0
    ],
    "component_f1": [
        0.0,
        0.0
    ],
    "relation_precision": [
        0.40518037107977434,
        0.020284834674692165
    ],
    "relation_recall": [
        0.28921568627450983,
        0.014807654379405113
    ],
    "relation_f1": [
        0.3373452515582851,
        0.015388911880299937
    ],
    "component_macro_f1": [
        0.0,
        0.0
    ]
}