{
    "component_precision": 0.8854660347551343,
    "component_recall": 0.8854660347551343,
    "component_f1": 0.8854660347551343,
    "relation_precision": 0,
    "relation_recall": 0,
    "relation_f1": 0,
    "component_macro_f1": 0.8697335335546718
}