{
    "component_precision": 0,
    "component_recall": 0,
    "component_f1": 0,
    "relation_precision": 0.391304347826087,
    "relation_recall": 0.2977941176470588,
    "relation_f1": 0.33820459290187893,
    "component_macro_f1": 0.0
}