{
    "num_runs": 3,
    "component_precision": [
        0.8038320113140257,
        0.0026808953825295917
    ],
    "component_recall": [
        0.8043850633778691,
        0.003391399430151316
    ],
    "component_f1": [
        0.8041082534383172,
        0.0030313771066485876
    ],
    "relation_precision": [
        0.4155593862393326,
        0.017398267602357808
    ],
    "relation_recall": [
        0.29534313725490197,
        0.038714629899341456
    ],
    "relation_f1": [
        0.342752118794641,
        0.021939444083770392
    ],
    "component_macro_f1": [
        0.8058493587391,
        0.0018797608416903139
    ]
}