{
    "component_precision": 0.8036998972250771,
    "component_recall": 0.8036998972250771,
    "component_f1": 0.8036998972250771,
    "relation_precision": 0.44,
    "relation_recall": 0.2426470588235294,
    "relation_f1": 0.3127962085308057,
    "component_macro_f1": 0.8076524044141264
}