{
    "component_precision": 0.8799368088467614,
    "component_recall": 0.8799368088467614,
    "component_f1": 0.8799368088467614,
    "relation_precision": 0,
    "relation_recall": 0,
    "relation_f1": 0,
    "component_macro_f1": 0.8629842755859012
}