{
    "component_precision": 0,
    "component_recall": 0,
    "component_f1": 0,
    "relation_precision": 0.6589242053789731,
    "relation_recall": 0.6662546353522868,
    "relation_f1": 0.6625691456668715,
    "component_macro_f1": 0.0
}