{
    "num_runs": 3,
    "component_precision": [
        0.6795110943806596,
        0.009907765525268576
    ],
    "component_recall": [
        0.6753554502369669,
        0.007325133092808601
    ],
    "component_f1": [
        0.6774227368292288,
        0.008538021325562195
    ],
    "relation_precision": [
        0.6027134942899828,
        0.010096438401738466
    ],
    "relation_recall": [
        0.6155747836835599,
        0.017216796387124957
    ],
    "relation_f1": [
        0.6089738381267049,
        0.011676245127784549
    ],
    "component_macro_f1": [
        0.7081381305636049,
        0.009919274160401446
    ]
}