{
    "num_runs": 3,
    "component_precision": [
        0.6892285725584716,
        0.006480051949315201
    ],
    "component_recall": [
        0.6890468667719852,
        0.006460160161340326
    ],
    "component_f1": [
        0.6891376837691822,
        0.006468833893670782
    ],
    "relation_precision": [
        0.6579128284775191,
        0.012442646399594436
    ],
    "relation_recall": [
        0.6650185414091471,
        0.015071562553087668
    ],
    "relation_f1": [
        0.6613146717387918,
        0.010121055748556434
    ],
    "component_macro_f1": [
        0.7139179248935349,
        0.010348970422180019
    ]
}