{
    "component_precision": 0.8071794871794872,
    "component_recall": 0.8088386433710175,
    "component_f1": 0.8080082135523614,
    "relation_precision": 0.4008810572687225,
    "relation_recall": 0.33455882352941174,
    "relation_f1": 0.3647294589178357,
    "component_macro_f1": 0.806639586755955
}