{
    "num_runs": 3,
    "component_precision": [
        0.0,
        0.0
    ],
    "component_recall": [
        0.0,
        0.0
    ],
    "component_f1": [
        0.0,
        0.0
    ],
    "relation_precision": [
        0.6566546312819487,
        0.003508261964752706
    ],
    "relation_recall": [
        0.665842604037907,
        0.001541680011031673
    ],
    "relation_f1": [
        0.6612150169812114,
        0.0025183601819678118
    ],
    "component_macro_f1": [
        0.0,
        0.0
    ]
}