{
    "component_precision": 0.9162717219589257,
    "component_recall": 0.9162717219589257,
    "component_f1": 0.9162717219589257,
    "relation_precision": 0.730816077953715,
    "relation_recall": 0.7416563658838071,
    "relation_f1": 0.7361963190184049,
    "component_macro_f1": 0.8948746074762334
}