{
    "num_runs": 3,
    "component_precision": [
        0.7854008926152486,
        0.010891531799852396
    ],
    "component_recall": [
        0.7797190818773553,
        0.008571425832954298
    ],
    "component_f1": [
        0.7825480150916152,
        0.009723253387086076
    ],
    "relation_precision": [
        0.39938020402013147,
        0.014803257534270923
    ],
    "relation_recall": [
        0.3419117647058824,
        0.007942084189225316
    ],
    "relation_f1": [
        0.36812982965506674,
        0.004704073609612766
    ],
    "component_macro_f1": [
        0.7765914102404438,
        0.004214940571974266
    ]
}