{
    "num_runs": 3,
    "component_precision": [
        0.6790566659271128,
        0.008260741522870563
    ],
    "component_recall": [
        0.6785150078988943,
        0.007819506269045585
    ],
    "component_f1": [
        0.6787856580849351,
        0.008039891337653355
    ],
    "relation_precision": [
        0.0,
        0.0
    ],
    "relation_recall": [
        0.0,
        0.0
    ],
    "relation_f1": [
        0.0,
        0.0
    ],
    "component_macro_f1": [
        0.7029246006250632,
        0.0008624692458883558
    ]
}