{
    "num_runs": 3,
    "component_precision": [
        0.8773038441284887,
        0.004883422061872418
    ],
    "component_recall": [
        0.8773038441284887,
        0.004883422061872418
    ],
    "component_f1": [
        0.8773038441284887,
        0.004883422061872366
    ],
    "relation_precision": [
        0.0,
        0.0
    ],
    "relation_recall": [
        0.0,
        0.0
    ],
    "relation_f1": [
        0.0,
        0.0
    ],
    "component_macro_f1": [
        0.8555217942751817,
        0.004552784165788156
    ]
}