{
    "num_runs": 3,
    "component_precision": [
        0.0,
        0.0
    ],
    "component_recall": [
        0.0,
        0.0
    ],
    "component_f1": [
        0.0,
        0.0
    ],
    "relation_precision": [
        0.37072527992713494,
        0.0019475477336485798
    ],
    "relation_recall": [
        0.30269607843137253,
        0.034791837172986256
    ],
    "relation_f1": [
        0.3322096089897948,
        0.022437857586173834
    ],
    "component_macro_f1": [
        0.0,
        0.0
    ]
}