{
    "component_precision": 0.7035573122529645,
    "component_recall": 0.7030015797788309,
    "component_f1": 0.7032793362307388,
    "relation_precision": 0.655,
    "relation_recall": 0.6477132262051916,
    "relation_f1": 0.651336233685519,
    "component_macro_f1": 0.7285233736453248
}