{
    "component_precision": 0.6737756714060031,
    "component_recall": 0.6737756714060031,
    "component_f1": 0.6737756714060031,
    "relation_precision": 0,
    "relation_recall": 0,
    "relation_f1": 0,
    "component_macro_f1": 0.6976972590793734
}