{
    "num_runs": 3,
    "component_precision": [
        0.6771985255397578,
        0.006587675620430106
    ],
    "component_recall": [
        0.6771985255397578,
        0.006587675620430106
    ],
    "component_f1": [
        0.6771985255397578,
        0.006587675620430106
    ],
    "relation_precision": [
        0.0,
        0.0
    ],
    "relation_recall": [
        0.0,
        0.0
    ],
    "relation_f1": [
        0.0,
        0.0
    ],
    "component_macro_f1": [
        0.6983592213267013,
        0.007954579099204604
    ]
}