{
    "num_runs": 3,
    "component_precision": [
        0.8944181147972617,
        0.0013425538477074156
    ],
    "component_recall": [
        0.8944181147972617,
        0.0013425538477074156
    ],
    "component_f1": [
        0.8944181147972617,
        0.0013425538477074156
    ],
    "relation_precision": [
        0.674182862932863,
        0.010540982868821172
    ],
    "relation_recall": [
        0.6864441697569014,
        0.014320681662120131
    ],
    "relation_f1": [
        0.6802446483691437,
        0.012163161215131694
    ],
    "component_macro_f1": [
        0.8750259727224496,
        0.0008415160320542185
    ]
}