{
    "num_runs": 3,
    "component_precision": [
        0.9169558322511491,
        0.0014792775091689429
    ],
    "component_recall": [
        0.9128488678251712,
        0.0009851651887240337
    ],
    "component_f1": [
        0.9148967503378879,
        0.0008178121171877166
    ],
    "relation_precision": [
        0.7288075750774959,
        0.005628414807684622
    ],
    "relation_recall": [
        0.7408323032550473,
        0.008157803820858397
    ],
    "relation_f1": [
        0.7347659570861982,
        0.00671640217686184
    ],
    "component_macro_f1": [
        0.8949109758052849,
        0.002693354940671021
    ]
}