{
    "component_precision": 0.8815165876777251,
    "component_recall": 0.8815165876777251,
    "component_f1": 0.8815165876777251,
    "relation_precision": 0,
    "relation_recall": 0,
    "relation_f1": 0,
    "component_macro_f1": 0.8579924291306406
}