{
    "num_runs": 3,
    "component_precision": [
        0.7076620313999253,
        0.006243836882462324
    ],
    "component_recall": [
        0.7074776197998945,
        0.006460160161340326
    ],
    "component_f1": [
        0.7075697891693292,
        0.006351623670219868
    ],
    "relation_precision": [
        0.6923570549671464,
        0.0038485339699607496
    ],
    "relation_recall": [
        0.696332921302019,
        0.008583711024309697
    ],
    "relation_f1": [
        0.694309367972402,
        0.004800890009847129
    ],
    "component_macro_f1": [
        0.7395782903235478,
        0.004840568831604193
    ]
}