{
    "component_precision": 0.6882911392405063,
    "component_recall": 0.6872037914691943,
    "component_f1": 0.6877470355731226,
    "relation_precision": 0.6521197007481296,
    "relation_recall": 0.646477132262052,
    "relation_f1": 0.6492861576660459,
    "component_macro_f1": 0.7142430272939472
}