{
    "num_runs": 3,
    "component_precision": [
        0.8557224766923675,
        0.0013489071159183304
    ],
    "component_recall": [
        0.8554299417608769,
        0.0017468377915699944
    ],
    "component_f1": [
        0.8555761340248403,
        0.0015469404282868974
    ],
    "relation_precision": [
        0.5936416841228557,
        0.07477997377224548
    ],
    "relation_recall": [
        0.49754901960784315,
        0.05807840985819991
    ],
    "relation_f1": [
        0.5343544454773473,
        0.028983484524146473
    ],
    "component_macro_f1": [
        0.8421729579801852,
        0.005355831483203769
    ]
}