{
    "component_precision": 0.8141683778234087,
    "component_recall": 0.8150051387461459,
    "component_f1": 0.8145865434001028,
    "relation_precision": 0,
    "relation_recall": 0,
    "relation_f1": 0,
    "component_macro_f1": 0.8005965060167956
}