{
    "num_runs": 3,
    "component_precision": [
        0.6825714545016415,
        0.015978316202009773
    ],
    "component_recall": [
        0.6816745655608214,
        0.016045970495200186
    ],
    "component_f1": [
        0.6821226205881393,
        0.01601025494440462
    ],
    "relation_precision": [
        0.6395375721821176,
        0.012926372162703221
    ],
    "relation_recall": [
        0.6411207251751133,
        0.008464210376668358
    ],
    "relation_f1": [
        0.640236104398494,
        0.007848998570758723
    ],
    "component_macro_f1": [
        0.7148140879967757,
        0.010043466063730614
    ]
}