{
    "num_runs": 3,
    "component_precision": [
        0.6769514767932489,
        0.008179357816071101
    ],
    "component_recall": [
        0.6758820431806214,
        0.008166436239742387
    ],
    "component_f1": [
        0.6764163372859026,
        0.008172891920564338
    ],
    "relation_precision": [
        0.635945268257322,
        0.018801874729526907
    ],
    "relation_recall": [
        0.6456530696332922,
        0.013133397157403578
    ],
    "relation_f1": [
        0.6407140888252844,
        0.0153009551729483
    ],
    "component_macro_f1": [
        0.6983708346994614,
        0.011466434398903023
    ]
}