{
    "component_precision": 0,
    "component_recall": 0,
    "component_f1": 0,
    "relation_precision": 0.6593406593406593,
    "relation_recall": 0.6674907292954264,
    "relation_f1": 0.6633906633906633,
    "component_macro_f1": 0.0
}