{
    "component_precision": 0.6808846761453397,
    "component_recall": 0.6808846761453397,
    "component_f1": 0.6808846761453397,
    "relation_precision": 0.662291169451074,
    "relation_recall": 0.6860321384425216,
    "relation_f1": 0.6739526411657559,
    "component_macro_f1": 0.699410285589148
}