{
    "component_precision": 0.6864139020537124,
    "component_recall": 0.6864139020537124,
    "component_f1": 0.6864139020537124,
    "relation_precision": 0,
    "relation_recall": 0,
    "relation_f1": 0,
    "component_macro_f1": 0.7084156508953259
}