{
    "component_precision": 0.8886255924170616,
    "component_recall": 0.8886255924170616,
    "component_f1": 0.8886255924170616,
    "relation_precision": 0,
    "relation_recall": 0,
    "relation_f1": 0,
    "component_macro_f1": 0.8700324968617652
}