{
    "num_runs": 3,
    "component_precision": [
        0.8838216509855696,
        0.003450444856809012
    ],
    "component_recall": [
        0.8773038441284887,
        0.006492273831457575
    ],
    "component_f1": [
        0.8805409794544871,
        0.004327597826017656
    ],
    "relation_precision": [
        0.6452491201659533,
        0.0077458312675176295
    ],
    "relation_recall": [
        0.6567779151215493,
        0.015968539246045386
    ],
    "relation_f1": [
        0.6509372149041419,
        0.011781185187150692
    ],
    "component_macro_f1": [
        0.8614817866890241,
        0.003951873310475442
    ]
}