{
    "num_runs": 3,
    "component_precision": [
        0.894819427897065,
        0.008957264682351843
    ],
    "component_recall": [
        0.8936282253817799,
        0.007694386095946498
    ],
    "component_f1": [
        0.894222648164437,
        0.008305889520486462
    ],
    "relation_precision": [
        0.686216190240699,
        0.002694592679625932
    ],
    "relation_recall": [
        0.6992171405026782,
        0.00420191142446874
    ],
    "relation_f1": [
        0.6926495028580778,
        0.0028432790351863727
    ],
    "component_macro_f1": [
        0.8744047456107077,
        0.009468780483968929
    ]
}