{
    "num_runs": 3,
    "component_precision": [
        0.0,
        0.0
    ],
    "component_recall": [
        0.0,
        0.0
    ],
    "component_f1": [
        0.0,
        0.0
    ],
    "relation_precision": [
        0.6395350987334206,
        0.012487762705436303
    ],
    "relation_recall": [
        0.6621343222084878,
        0.010159726416100483
    ],
    "relation_f1": [
        0.6506320368493951,
        0.011267059967407329
    ],
    "component_macro_f1": [
        0.0,
        0.0
    ]
}