{
    "num_runs": 3,
    "component_precision": [
        0.8473873625694437,
        0.0043690762360927195
    ],
    "component_recall": [
        0.8465227817745804,
        0.005587360887392971
    ],
    "component_f1": [
        0.8469544047138585,
        0.0049788883847566535
    ],
    "relation_precision": [
        0.5950696898189188,
        0.030932347812244975
    ],
    "relation_recall": [
        0.4938725490196078,
        0.015108857850414152
    ],
    "relation_f1": [
        0.538886775111833,
        0.004372021541918613
    ],
    "component_macro_f1": [
        0.8418764705193295,
        0.00815973774558673
    ]
}