{
    "component_precision": 0.5196733481811433,
    "component_recall": 0.5529225908372828,
    "component_f1": 0.5357826253348641,
    "relation_precision": 0.25051334702258726,
    "relation_recall": 0.3016069221260816,
    "relation_f1": 0.2736960179472799,
    "component_macro_f1": 0.4253280254117174
}