{
    "component_precision": 0.8080082135523614,
    "component_recall": 0.8088386433710175,
    "component_f1": 0.8084232152028762,
    "relation_precision": 0,
    "relation_recall": 0,
    "relation_f1": 0,
    "component_macro_f1": 0.797164663459326
}