{
    "num_runs": 3,
    "component_precision": [
        0.9133754607688257,
        0.0030478770149526316
    ],
    "component_recall": [
        0.9133754607688257,
        0.0030478770149526316
    ],
    "component_f1": [
        0.9133754607688257,
        0.0030478770149526316
    ],
    "relation_precision": [
        0.7227295666183721,
        0.0074197333155275194
    ],
    "relation_recall": [
        0.7313555830243098,
        0.007439419070979721
    ],
    "relation_f1": [
        0.7270125835203123,
        0.007212285641087681
    ],
    "component_macro_f1": [
        0.8943583466618698,
        0.0016076670310167997
    ]
}