{
    "num_runs": 3,
    "component_precision": [
        0.8087619010774098,
        0.006279295443740697
    ],
    "component_recall": [
        0.8098663926002055,
        0.005874076121782185
    ],
    "component_f1": [
        0.8093134403710852,
        0.006058850250917312
    ],
    "relation_precision": [
        0.0,
        0.0
    ],
    "relation_recall": [
        0.0,
        0.0
    ],
    "relation_f1": [
        0.0,
        0.0
    ],
    "component_macro_f1": [
        0.7983563702634271,
        0.004389968770499845
    ]
}